id_espece;nom_espece
1;POIVRON
2;POIVRON BIO
3;CHOU-BRUXELLES
4;CHOU-BRUXELLES BIO
5;LAITUE
6;BATAVIA BLONDE
7;LAITUE
8;TOMATE BIO
9;CHOU-FLEUR
10;ABSINTHE
11;ABSINTHE
12;POIREE VERTE BIO
13;POIVRON
14;POIVRON BIO
15;DIVERS
16;DIVERS BIO
17;CONCOMBRE
18;PASTEQUE
19;BATAVIA BLONDE
20;BETTERAVE
21;MULTIFEUILLE BLONDE
22;CHOU-CHOUCROUTE
23;TOMATE CONSERVE
24;TOMATE CONSERVE BIO
25;ROMAINE
26;ROMAINE BIO
27;CHENE BLONDE
28;CHOU-FLEUR BIO
29;BATAVIA BLONDE
30;TOMATE CONSERVE
31;CHOU-FLEUR
32;LAITUE
33;LAITUE BIO
34;CELERI A COUPER
35;AGASTACHE
36;AGASTACHE
37;TOMATE
38;FEVE
39;AROMATIQUE
40;CIBOULE
41;CONCOMBRE
42;CHOU-FLEUR
43;CONCOMBRE
44;CONCOMBRE BIO
45;MELON BIO
46;CHOU-FLEUR
47;HARICOT
48;CHOU-FRISE
49;CHOU-FRISE BIO
50;CHOU-BRUXELLES
51;BETTERAVE
52;SUCRINE BIO
53;POIVRON
54;CHENE ROUGE
55;CONCOMBRE
56;SUCRINE
57;COURGE
58;TOMATE
59;TOMATE BIO
60;SCAROLE
61;SCAROLE BIO
62;POIVRON
63;POIVRON BIO
64;CHENE ROUGE
65;CHENE ROUGE BIO
66;CHOU-FLEUR
67;CHOU-FLEUR
68;LAITUE
69;COURGETTE
70;CHENE ROUGE
71;MELON
72;BATAVIA BLONDE
73;AROMATIQUE
74;AROMATIQUE BIO
75;CHENE BLONDE
76;AUBERGINE
77;AUBERGINE BIO
78;COURGETTE
79;COURGETTE BIO
80;TOMATE
81;LAITUE
82;BATAVIA BLONDE
83;BATAVIA BLONDE BIO
84;CHOU-LISSE
85;ECHALOTE
86;ECHALOTE BIO
87;BATAVIA ROUGE
88;BATAVIA ROUGE BIO
89;TOMATE
90;COURGETTE
91;POTIMARRON
92;POTIMARRON BIO
93;BLETTE
94;BLETTE BIO
95;FRISEE
96;TOMATE
97;TOMATE BIO
98;LAITUE
99;LAITUE BIO
100;LAITUE
101;LAITUE
102;TOMATE
103;TOMATE BIO
104;LAITUE
105;MELON
106;MELON BIO
107;TOMATE
108;TOMATE BIO
109;LAITUE
110;CHOU-BROCOLI
111;TOMATE
112;TOMATE BIO
113;LOLLO ROUGE
114;ANETH
115;ANETH BIO
116;ANETH
117;ANETH BIO
118;MELON
119;AUBERGINE
120;AUBERGINE BIO
121;LAITUE
122;AROMATIQUE
123;CHENE ROUGE
124;TOMATE
125;CHENE ROUGE
126;CHENE ROUGE BIO
127;BASILIC
128;TOMATE
129;AUBERGINE
130;AUBERGINE BIO
131;ROUGETTE
132;ROUGETTE BIO
133;LAITUE
134;BATAVIA BLONDE
135;LAITUE
136;FLEUR
137;BATAVIA BLONDE
138;TOMATE
139;TOMATE BIO
140;TOMATE
141;TOMATE BIO
142;COURGETTE
143;COURGETTE BIO
144;SCAROLE
145;CHOU-FLEUR
146;TOMATE CONSERVE
147;TOMATE CONSERVE BIO
148;BATAVIA BLONDE
149;CHOU-FLEUR
150;COURGETTE
151;MULTIFEUILLE BLONDE
152;MULTIFEUILLE BLONDE BIO
153;MELON
154;MELON BIO
155;CACAHUETE
156;CACAHUETE
157;CHENE ROUGE
158;THYM
159;NAVET
160;THYM BIO
161;SCAROLE
162;MELON
163;MELON BIO
164;CHENE BLONDE
165;CHENE BLONDE BIO
166;TOMATE
167;TOMATE
168;SUCRINE
169;BLETTE
170;BASILIC
171;BUTTERNUT
172;BUTTERNUT BIO
173;CHOU-FLEUR
174;MELON
175;MELON BIO
176;MELON
177;MELON BIO
178;LAITUE
179;AROMATIQUE BIO
180;AROMATIQUE BIO
181;PANAIS BIO
182;CHOU-FLEUR
183;ARTICHAUT
184;ARTICHAUT BIO
185;MELON BIO
186;ARTICHAUT
187;ARTICHAUT BIO
188;ARTICHAUT BIO
189;ARTICHAUT
190;MELON
191;MELON BIO
192;CHENE BLONDE
193;CHENE BLONDE BIO
194;MELON
195;POIVRON
196;POIVRON BIO
197;COURGE
198;FRISEE
199;COURGETTE
200;CHENE ROUGE
201;CHOU-FLEUR
202;CHENE BLONDE
203;POIREAU
204;NAVET
205;CHOU-FRISE
206;COURGE
207;THYM
208;CHOU-FRISE
209;CHENE ROUGE
210;LAITUE BIO
211;TOMATE
212;TOMATE
213;AUBERGINE
214;AUBERGINE BIO
215;AUBERGINE BIO
216;AUBERGINE
217;SCAROLE
218;CONCOMBRE
219;CONCOMBRE BIO
220;PASTEQUE
221;CELERI BRANCHE
222;TOMATE
223;TOMATE BIO
224;CHOU-FLEUR
225;CHOU-FLEUR BIO
226;COURGE
227;ROMAINE
228;CHENE BLONDE
229;CHOU-FLEUR
230;CHOU-FLEUR
231;CHOU-FLEUR BIO
232;AVOINE BIO
233;AVOINE BIO
234;FRISEE
235;POIVRON
236;CHENE ROUGE
237;CHENE ROUGE BIO
238;CHOU-FLEUR
239;CHENE ROUGE
240;LOLLO ROUGE
241;POIREAU
242;CHOU-RAVE
243;CHOU-RAVE BIO
244;CHOU-BROCOLI
245;COURGE
246;CHOU-LISSE
247;MELON
248;CHOU-FLEUR
249;CHOU-FLEUR BIO
250;POIVRON
251;AUBERGINE
252;AUBERGINE BIO
253;CHOU-FLEUR
254;TOMATE BIO
255;TOMATE
256;POIVRON
257;POIS
258;POIREAU BIO
259;CHOU-ROUGE
260;AUBERGINE
261;AUBERGINE
262;AUBERGINE BIO
263;MULTIFEUILLE ROUGE
264;CHOU-FRISE
265;CHOU-FLEUR
266;LAITUE
267;BLETTE
268;BLETTE BIO
269;MULTIFEUILLE ROUGE
270;MULTIFEUILLE ROUGE BIO
271;OIGNON
272;BATAVIA BLONDE
273;BATAVIA BLONDE BIO
274;OIGNON
275;BATAVIA ROUGE
276;TOMATE BIO
277;TOMATE
278;TOMATE BIO
279;LOLLO ROUGE
280;LOLLO ROUGE BIO
281;LAITUE
282;BASILIC
283;BASILIC BIO
284;BASILIC BIO
285;BASILIC
286;LAITUE
287;BATAVIA BLONDE
288;BATAVIA BLONDE BIO
289;BATAVIA BLONDE BIO
290;BATAVIA BLONDE
291;BATAVIA BLONDE
292;BATAVIA ROUGE
293;BATAVIA ROUGE BIO
294;BATAVIA ROUGE BIO
295;BATAVIA ROUGE
296;BATAVIA ROUGE
297;BATAVIA BLONDE
298;BATAVIA BLONDE
299;SUCRINE
300;AUBERGINE
301;AUBERGINE BIO
302;PORTE GREFFE
303;TOMATE BIO
304;PORTE GREFFE BIO
305;TOMATE BIO
306;LAITUE
307;TOMATE
308;TOMATE
309;MELON
310;MELON BIO
311;CHENE ROUGE
312;CHENE ROUGE BIO
313;ROMAINE
314;TOMATE
315;TOMATE BIO
316;TOMATE
317;TOMATE BIO
318;LAITUE
319;TOMATE
320;POIVRON
321;TOMATE
322;AUBERGINE
323;AUBERGINE BIO
324;POIVRON
325;TOMATE
326;TOMATE BIO
327;TOMATE
328;TOMATE BIO
329;FENOUIL
330;FENOUIL BIO
331;TOMATE
332;TOMATE BIO
333;CHOU-FLEUR
334;CHOU-FLEUR BIO
335;CHOU-BROCOLI
336;CHOU-BROCOLI BIO
337;POIREAU
338;POIREAU BIO
339;CHENE ROUGE
340;FRISEE
341;BLETTE
342;BLETTE BIO
343;CHENE BLONDE
344;CHENE BLONDE BIO
345;CHENE ROUGE BIO
346;FENOUIL BIO
347;CHICOREE
348;FENOUIL
349;CHOU-BROCOLI
350;BETTERAVE
351;BETTERAVE BIO
352;BETTERAVE BIO
353;BETTERAVE
354;BETTERAVE
355;COURGE
356;AUBERGINE
357;PASTEQUE
358;BATAVIA BLONDE
359;BATAVIA BLONDE BIO
360;HARICOT
361;POIVRON
362;LAITUE
363;TOMATE
364;TOMATE BIO
365;TOMATE BIO
366;AUBERGINE
367;AUBERGINE BIO
368;TOMATE
369;TOMATE BIO
370;AUBERGINE
371;AUBERGINE BIO
372;CARDON
373;NAVET
374;HARICOT
375;HARICOT BIO
376;BLETTE
377;BLETTE BIO
378;BLETTE BIO
379;BLETTE
380;COURGE
381;POIREAU
382;BLEUET BIO
383;BLEUET BIO
384;POTIRON
385;CHOU-CABUS
386;BLETTE
387;TOMATE
388;POTIMARRON
389;TOMATE
390;TOMATE BIO
391;TOMATE BIO
392;CONCOMBRE
393;TOMATE
394;TOMATE BIO
395;TOMATE
396;MELON
397;MELON BIO
398;CHOU-FLEUR
399;BETTERAVE
400;POIREAU
401;BETTERAVE
402;ORIGAN
403;BETTERAVE
404;BETTERAVE BIO
405;TOMATE BIO
406;COURGETTE BIO
407;CHENE ROUGE
408;AUBERGINE
409;AUBERGINE BIO
410;EPINARD
411;MELON
412;CHOU-FLEUR
413;TOMATE
414;TOMATE BIO
415;CONCOMBRE
416;PASTEQUE
417;CHOU-BRUXELLES
418;CHICOREE
419;FENOUIL
420;CHENE ROUGE
421;CHENE ROUGE BIO
422;AROMATIQUE
423;BATAVIA BLONDE
424;CONCOMBRE BIO
425;EPINARD
426;CHOU-LISSE
427;TOMATE
428;TOMATE
429;BATAVIA BLONDE
430;TOMATE
431;BETTERAVE
432;CHOU-FLEUR
433;LAITUE
434;LAITUE BIO
435;CHOU-FLEUR
436;CHENE BLONDE
437;BLETTE
438;BLETTE BIO
439;POTIMARRON BIO
440;BLETTE
441;BLETTE BIO
442;CHOU-BRUXELLES
443;TOMATE
444;CHOU-FLEUR
445;COURGETTE
446;FENOUIL
447;OIGNON
448;OIGNON BIO
449;LAITUE BIO
450;MELON
451;POIS BIO
452;TOMATE
453;TOMATE
454;TOMATE BIO
455;TOMATE
456;TOMATE BIO
457;SUCRINE
458;LAITUE ROUGE
459;CHOU-CABUS
460;CHOU-ROUGE
461;CHOU-ROUGE BIO
462;EPINARD BIO
463;BUTTERNUT
464;BUTTERNUT BIO
465;BUTTERNUT BIO
466;BUTTERNUT
467;BUTTERNUT
468;BATAVIA BLONDE
469;TOMATE
470;TOMATE BIO
471;TOMATE
472;TOMATE BIO
473;MELON
474;TOMATE CONSERVE
475;MELON
476;MACHE
477;CHENE ROUGE
478;CHENE ROUGE BIO
479;POIVRON
480;POIVRON BIO
481;LAITUE
482;AUBERGINE
483;AUBERGINE BIO
484;CONCOMBRE
485;CONCOMBRE BIO
486;CHENE ROUGE
487;CHENE ROUGE BIO
488;PORTE GREFFE
489;PORTE GREFFE BIO
490;TOMATE BIO
491;POIVRON
492;CHICOREE
493;MELON
494;MELON BIO
495;BLETTE
496;LAITUE BIO
497;BASILIC BIO
498;TOMATE
499;TOMATE
500;CHOU-FRISE BIO
501;LAITUE
502;BATAVIA BLONDE
503;ROMAINE
504;TOMATE
505;ARTICHAUT
506;ARTICHAUT BIO
507;CHOU-FRISE
508;TOMATE
509;TOMATE BIO
510;POIVRON
511;BATAVIA BLONDE
512;BATAVIA BLONDE BIO
513;CHOU-POINTU
514;CHOU-POINTU BIO
515;CHOU-FLEUR
516;COURGETTE
517;CARDE
518;CARDE BIO
519;CARDE BIO
520;CARDE
521;TOMATE
522;TOMATE BIO
523;TOMATE
524;CARDON
525;CARDON
526;TOMATE
527;TOMATE BIO
528;CHOU-FLEUR
529;CORIANDRE
530;CORIANDRE BIO
531;BETTERAVE
532;TOMATE
533;HARICOT
534;TOMATE
535;LOLLO ROUGE
536;CAROTTE BIO
537;CAROTTE
538;CAROTTE BIO
539;CAROTTE
540;POIS
541;POIS BIO
542;POIS
543;LAITUE
544;CHOU-FLEUR
545;CHOU-ROMANESCO
546;CHOU-FLEUR
547;ORIGAN
548;ORIGAN BIO
549;THYM
550;THYM BIO
551;THYM
552;THYM BIO
553;THYM
554;THYM BIO
555;THYM
556;CHENE ROUGE
557;PASTEQUE
558;COURGETTE
559;COURGETTE BIO
560;COURGETTE
561;CHOU-POINTU
562;CHOU-LISSE BIO
563;FENOUIL
564;FENOUIL BIO
565;TOMATE
566;TOMATE BIO
567;TOMATE
568;TOMATE BIO
569;ROUGETTE
570;ROUGETTE BIO
571;CHOU-FLEUR
572;COURGE
573;CELERI (ARCHIVÉ)
574;CELERI
575;CELERI A COUPER
576;CELERI A COUPER BIO
577;CELERI A COUPER BIO
578;CELERI A COUPER
579;CELERI BIO
580;CELERI BIO (ARCHIVÉ)
581;CELERI BIO
582;CELERI BRANCHE BIO
583;CELERI BRANCHE BIO
584;CELERI BRANCHE
585;CELERI BRANCHE
586;CELERI (ARCHIVÉ)
587;CELERI
588;CELERI RAVE BIO
589;CELERI RAVE BIO
590;CELERI RAVE
591;CELERI RAVE
592;CELERI BIO (ARCHIVÉ)
593;COURGETTE
594;TOMATE
595;TOMATE BIO
596;CHOU-ROMANESCO
597;CHOU-ROMANESCO BIO
598;SUCRINE
599;SUCRINE BIO
600;LAITUE
601;TOMATE
602;TOMATE BIO
603;CHOU-FLEUR
604;OIGNON
605;OIGNON BIO
606;CONCOMBRE
607;CERFEUIL
608;CERFEUIL BIO
609;CERFEUIL BIO
610;CERFEUIL
611;TOMATE
612;MELON
613;CHOU-FLEUR
614;SALADE BIO
615;CHOU-POINTU
616;CHOU-FLEUR
617;BATAVIA BLONDE
618;BLETTE
619;BLETTE BIO
620;CHOU-FLEUR
621;CHOU-LISSE
622;CHOU-FLEUR ORANGE
623;CHENE BLONDE
624;CHENE BLONDE BIO
625;CHENE BLONDE BIO
626;CHENE BLONDE
627;CHENE BLONDE
628;CHENE ROUGE
629;CHENE ROUGE BIO
630;CHENE ROUGE BIO
631;CHENE ROUGE
632;CHENE ROUGE
633;BATAVIA BLONDE
634;LAITUE
635;CHOU-BROCOLI
636;PERSIL FRISE
637;CHICOREE
638;CHICOREE BIO
639;CHICOREE BIO
640;CHICOREE
641;DIVERS BIO
642;BETTERAVE
643;BETTERAVE
644;MELON
645;CHOU
646;CHOU BIO
647;CHOU BIO
648;CHOU-BROCOLI
649;CHOU-BROCOLI BIO
650;CHOU-BROCOLI BIO
651;CHOU-BROCOLI
652;CHOU-BRUXELLES
653;CHOU-BRUXELLES BIO
654;CHOU-BRUXELLES BIO
655;CHOU-BRUXELLES
656;CHOU-CABUS
657;CHOU-CABUS BIO
658;CHOU-CABUS BIO
659;CHOU-CABUS
660;CHOU-CHINOIS
661;CHOU-CHINOIS BIO
662;CHOU-CHINOIS BIO
663;CHOU-CHINOIS
664;CHOU-CHOUCROUTE
665;CHOU-CHOUCROUTE BIO
666;CHOU-CHOUCROUTE BIO
667;CHOU-CHOUCROUTE
668;CHOU-FLEUR
669;CHOU BIO
670;CHOU-FLEUR BIO
671;CHOU-FLEUR BIO
672;CHOU-FLEUR
673;CHOU-FLEUR ORANGE
674;CHOU-FLEUR ORANGE BIO
675;CHOU-FLEUR ORANGE BIO
676;CHOU-FLEUR ORANGE
677;CHOU-FLEUR VERT
678;CHOU-FLEUR VERT BIO
679;CHOU-FLEUR VERT BIO
680;CHOU-FLEUR VERT
681;CHOU-FLEUR VIOLET
682;CHOU-FLEUR VIOLET BIO
683;CHOU-FLEUR VIOLET BIO
684;CHOU-FLEUR VIOLET
685;CHOU-FRISE
686;CHOU-FRISE BIO
687;CHOU-FRISE BIO
688;CHOU-FRISE
689;CHOU
690;CHOU-KALE
691;CHOU-KALE BIO
692;CHOU-KALE BIO
693;CHOU-KALE
694;CHOU-LISSE
695;CHOU-LISSE BIO
696;CHOU-LISSE BIO
697;CHOU-LISSE
698;CHOU-LISSE ROUGE
699;CHOU-LISSE ROUGE BIO
700;CHOU-LISSE ROUGE BIO
701;CHOU-LISSE ROUGE
702;BATAVIA BLONDE
703;CHOU-POINTU
704;CHOU-POINTU BIO
705;CHOU-POINTU BIO
706;CHOU-POINTU
707;CHOU-RAVE
708;CHOU-RAVE BIO
709;CHOU-RAVE BIO
710;CHOU-RAVE
711;CHOU-ROMANESCO
712;CHOU-ROMANESCO BIO
713;CHOU-ROMANESCO BIO
714;CHOU-ROMANESCO
715;CHOU-ROUGE
716;CHOU-ROUGE BIO
717;CHOU-ROUGE BIO
718;CHOU-ROUGE
719;CIBOULE
720;CIBOULE
721;CIBOULE BIO
722;CIBOULE BIO
723;CIBOULE
724;CIBOULETTE
725;CIBOULETTE BIO
726;CIBOULETTE BIO
727;CIBOULETTE BIO
728;CIBOULETTE
729;TOMATE
730;ARTICHAUT
731;CHOU
732;TOMATE
733;BASILIC
734;BASILIC BIO
735;CHOU-FLEUR
736;TOMATE
737;CHOU-FLEUR
738;AUBERGINE
739;AUBERGINE BIO
740;CHOU-FRISE
741;CHOU-FRISE BIO
742;AUBERGINE
743;ROMAINE
744;AUBERGINE
745;CHOU-FLEUR
746;TOMATE
747;CHOU-FLEUR ORANGE
748;PIMENT
749;CHOU-FLEUR
750;BATAVIA BLONDE
751;TOMATE
752;TOMATE BIO
753;TOMATE
754;TOMATE
755;TOMATE BIO
756;CHOU-FLEUR
757;CONCOMBRE
758;PORTE GREFFE
759;PORTE GREFFE BIO
760;TOMATE
761;TOMATE BIO
762;HARICOT
763;HARICOT BIO
764;HARICOT
765;HARICOT
766;HARICOT BIO
767;TOMATE
768;TOMATE BIO
769;CHENE ROUGE
770;PHYSALIS
771;TOMATE
772;POTIMARRON
773;COURGE BIO
774;CHOU-ROMANESCO
775;CHOU-ROMANESCO BIO
776;CONCOMBRE
777;FRISEE
778;OIGNON
779;OIGNON
780;FENOUIL
781;FENOUIL
782;BASILIC
783;CONCOMBRE
784;CONCOMBRE BIO
785;CONCOMBRE BIO
786;CONCOMBRE
787;BATAVIA BLONDE
788;BATAVIA BLONDE BIO
789;SCAROLE
790;CELERI BRANCHE BIO
791;CHOU-LISSE
792;PASTEQUE
793;PASTEQUE BIO
794;ECHALOTE
795;ECHALOTE BIO
796;POTIMARRON
797;TOMATE
798;CHENE ROUGE
799;CHENE ROUGE BIO
800;TOMATE
801;TOMATE BIO
802;PHYSALIS
803;COURGETTE
804;CHOU-FRISE
805;TOMATE
806;TOMATE BIO
807;BATAVIA ROUGE
808;CHENE ROUGE
809;TOMATE
810;CHOU-FRISE
811;CHOU-FRISE
812;CONCOMBRE
813;CHICOREE
814;CORIANDRE BIO
815;CORIANDRE BIO
816;CORIANDRE
817;CORIANDRE
818;TOMATE
819;CONCOMBRE
820;TOMATE
821;TOMATE BIO
822;TOMATE
823;TOMATE BIO
824;SCAROLE
825;CORNICHON
826;CORNICHON BIO
827;CORNICHON BIO
828;CORNICHON
829;POIVRON
830;POIVRON
831;POIVRON BIO
832;TOMATE
833;CHOU-FLEUR
834;TOMATE
835;BATAVIA BLONDE
836;LAITUE
837;LAITUE BIO
838;CHOU-LISSE
839;CHOU-LISSE BIO
840;CHOU-LISSE
841;COURGE
842;COURGE BIO
843;COURGE BIO
844;COURGE
845;COURGETTE
846;COURGETTE BIO
847;COURGETTE BIO
848;COURGETTE
849;MULTIFEUILLE BLONDE
850;LAITUE
851;CRAQUANTE (archivé)
852;LAITUE BIO
853;CRAQUANTE (archivé)
854;CHENE ROUGE
855;LAITUE BIO
856;POIVRON
857;POIVRON BIO
858;BATAVIA BLONDE
859;BATAVIA BLONDE BIO
860;AUBERGINE
861;CHOU-FLEUR
862;HARICOT
863;CONCOMBRE
864;CONCOMBRE BIO
865;TOMATE
866;COURGETTE
867;COURGETTE BIO
868;CHOU-BRUXELLES
869;CELERI BRANCHE
870;CELERI BRANCHE BIO
871;TOMATE
872;TOMATE BIO
873;TOMATE
874;TOMATE BIO
875;POIREAU BIO
876;PORTE GREFFE
877;PORTE GREFFE BIO
878;BLEUET BIO
879;TOMATE
880;TOMATE BIO
881;CHOU-LISSE
882;CHOU-LISSE BIO
883;MELON
884;COURGETTE
885;COURGETTE BIO
886;CHOU-BRUXELLES
887;LAITUE
888;CHOU-BRUXELLES
889;CHOU-BRUXELLES BIO
890;CHENE ROUGE
891;CHENE ROUGE BIO
892;AUBERGINE
893;OIGNON
894;TOMATE
895;OIGNON
896;CHOU-FLEUR
897;CHOU-FLEUR
898;CHOU-ROMANESCO
899;CELERI BRANCHE BIO
900;CELERI BRANCHE
901;TOMATE
902;CHOU-FLEUR VIOLET
903;POIREAU
904;TOMATE CONSERVE
905;TOMATE CONSERVE BIO
906;TOMATE
907;CHOU-ROUGE
908;CELERI BRANCHE
909;CHOU-FLEUR
910;PASTEQUE
911;TOMATE
912;CHOU-CABUS
913;OIGNON BIO
914;OSEILLE
915;PIMENT
916;PIMENT BIO
917;CHOU-POINTU BIO
918;CIBOULETTE
919;BETTERAVE BIO
920;NAVET
921;TOMATE CONSERVE
922;TOMATE
923;COURGETTE
924;COURGETTE BIO
925;MELON
926;TOMATE
927;TOMATE BIO
928;TOMATE BIO
929;TOMATE
930;POIS
931;CHENE BLONDE
932;CHENE BLONDE BIO
933;TOMATE
934;TOMATE BIO
935;TOMATE
936;CHOU-FLEUR
937;DIVERS
938;FLEUR
939;FLEUR
940;POIVRON
941;PASTEQUE
942;PASTEQUE
943;PASTEQUE
944;CHOU-FLEUR
945;SUCRINE
946;OIGNON BIO
947;PIMENT
948;BATAVIA BLONDE
949;LAITUE BIO
950;TOMATE BIO
951;CHOU-FLEUR
952;TOMATE
953;TOMATE BIO
954;TOMATE
955;TOMATE BIO
956;COURGETTE
957;COURGETTE BIO
958;ICEBERG
959;CONCOMBRE
960;CONCOMBRE BIO
961;MELON
962;MELON BIO
963;CHICOREE
964;PORTE GREFFE
965;CHOU-FLEUR
966;DIVERS
967;DIVERS BIO
968;DIVERS BIO
969;DIVERS
970;OIGNON
971;CHOU-BRUXELLES BIO
972;CHOU-FLEUR
973;CHOU-FLEUR BIO
974;MELON BIO
975;LAITUE
976;TOMATE CONSERVE
977;TOMATE
978;TOMATE
979;MELON
980;MELON
981;BATAVIA BLONDE BIO
982;CHOU-BRUXELLES
983;CHOU-BRUXELLES BIO
984;PASTEQUE
985;PASTEQUE BIO
986;CHOU-FLEUR ORANGE
987;TOMATE
988;TOMATE BIO
989;AUBERGINE
990;PIMENT
991;POIVRON BIO
992;POIVRON
993;TOMATE
994;TOMATE
995;CHOU-FLEUR
996;CHOU-LISSE
997;CHOU-LISSE BIO
998;FENOUIL
999;FENOUIL BIO
1000;CHOU-FLEUR
1001;PORTE GREFFE
1002;CHOU-FLEUR
1003;MELON
1004;MELON BIO
1005;TOMATE
1006;AVOINE BIO
1007;CELERI RAVE
1008;POTIMARRON
1009;PASTEQUE
1010;PASTEQUE
1011;TOMATE
1012;TOMATE
1013;TOMATE BIO
1014;BATAVIA BLONDE
1015;LAITUE
1016;CHENE ROUGE
1017;CHENE BLONDE
1018;CHENE ROUGE
1019;CHENE ROUGE BIO
1020;BATAVIA BLONDE
1021;CHENE ROUGE
1022;TOMATE BIO
1023;CORIANDRE
1024;CORIANDRE BIO
1025;CHOU-FLEUR
1026;EAZYLEAF (archivé)
1027;EAZYLEAF (archivé)
1028;TOMATE
1029;ECHALOTE
1030;ECHALOTE BIO
1031;ECHALOTE BIO
1032;ECHALOTE
1033;POIS
1034;ICEBERG BIO
1035;CHENE ROUGE
1036;CHENE ROUGE BIO
1037;LAITUE
1038;COURGETTE
1039;EPINARD
1040;OIGNON
1041;OIGNON
1042;PORTE GREFFE
1043;PORTE GREFFE BIO
1044;BASILIC
1045;BASILIC BIO
1046;BUTTERNUT
1047;SCAROLE
1048;SCAROLE BIO
1049;LAITUE
1050;EPINARD
1051;OIGNON
1052;CHENE BLONDE
1053;COURGETTE
1054;TOMATE
1055;EPINARD
1056;PORTE GREFFE
1057;PORTE GREFFE BIO
1058;HARICOT
1059;HARICOT BIO
1060;CHOU-CHINOIS
1061;CHOU-CHINOIS BIO
1062;PORTE GREFFE
1063;PORTE GREFFE BIO
1064;LAITUE
1065;LAITUE BIO
1066;CHOU-CHINOIS
1067;CHOU-CABUS
1068;EPINARD
1069;EPINARD BIO
1070;EPINARD BIO
1071;EPINARD
1072;POIVRON
1073;POIVRON BIO
1074;BATAVIA BLONDE
1075;CHOU-RAVE
1076;OIGNON
1077;COURGETTE
1078;POIREAU
1079;ROUGETTE
1080;ROUGETTE BIO
1081;SALADE
1082;SALADE
1083;SALADE
1084;ARTICHAUT
1085;SALADE
1086;SALADE
1087;SALADE
1088;CHOU
1089;SALADE
1090;SALADE
1091;SALADE
1092;SALADE BIO
1093;CHICOREE
1094;SALADE
1095;LAITUE
1096;SALADE
1097;SALADE
1098;CORIANDRE
1099;CORIANDRE BIO
1100;POIVRON
1101;TOMATE
1102;TOMATE BIO
1103;ESTRAGON
1104;ESTRAGON BIO
1105;ESTRAGON BIO
1106;ESTRAGON
1107;TOMATE BIO
1108;COURGE
1109;COURGE BIO
1110;TOMATE
1111;OIGNON
1112;OIGNON BIO
1113;POIVRON
1114;POIVRON BIO
1115;LAITUE
1116;LAITUE BIO
1117;MULTIFEUILLE BLONDE
1118;FLEUR
1119;COURGETTE
1120;MULTIFEUILLE BLONDE
1121;MULTIFEUILLE BLONDE
1122;MULTIFEUILLE BLONDE
1123;MULTIFEUILLE BLONDE
1124;MULTIFEUILLE BLONDE
1125;MULTIFEUILLE BLONDE
1126;MULTIFEUILLE BLONDE
1127;CHOU-LISSE
1128;CHOU-LISSE BIO
1129;MULTIFEUILLE BLONDE
1130;MULTIFEUILLE ROUGE
1131;MULTIFEUILLE ROUGE
1132;MULTIFEUILLE BLONDE
1133;PASTEQUE
1134;CHOU-FLEUR
1135;CHOU-FRISE
1136;CHOU-FRISE BIO
1137;FRISEE
1138;TOMATE
1139;TOMATE
1140;POIREAU
1141;CHOU-CABUS BIO
1142;CHOU-CABUS
1143;PASTEQUE
1144;CHOU-FLEUR
1145;PASTEQUE
1146;ROUGETTE
1147;TOMATE
1148;LAITUE ROUGE
1149;CONCOMBRE
1150;TOMATE
1151;FENOUIL
1152;FENOUIL BIO
1153;FENOUIL BIO
1154;FENOUIL
1155;FENOUIL
1156;DIVERS BIO
1157;PASTEQUE BIO
1158;BATAVIA BLONDE
1159;BATAVIA BLONDE BIO
1160;MACHE
1161;LAITUE
1162;FEUILLE DE CHENE (archivé)
1163;FEUILLE DE CHENE (archivé)
1164;FEVE
1165;FEVE
1166;COURGE
1167;POTIMARRON
1168;CHICOREE
1169;FENOUIL
1170;BASILIC
1171;BASILIC
1172;TOMATE
1173;CHOU-FLEUR
1174;MULTIFEUILLE ROUGE
1175;OIGNON
1176;OIGNON BIO
1177;CHOU-FRISE
1178;OIGNON
1179;TOMATE
1180;TOMATE BIO
1181;HARICOT
1182;HARICOT BIO
1183;CHOU-FLEUR
1184;CHOU-FLEUR BIO
1185;CHOU-FLEUR ORANGE
1186;COURGETTE
1187;AUBERGINE
1188;AUBERGINE BIO
1189;CHOU-FLEUR
1190;CHOU-FLEUR
1191;CHOU-FLEUR
1192;CHOU-FLEUR BIO
1193;FLEUR
1194;FLEUR BIO
1195;FLEUR BIO
1196;TOMATE
1197;FLEUR
1198;POTIMARRON
1199;POTIMARRON BIO
1200;CHOU-CHOUCROUTE
1201;CHENE BLONDE
1202;CHENE BLONDE BIO
1203;CHOU-ROMANESCO
1204;CHOU-ROMANESCO BIO
1205;POIVRON
1206;COURGETTE
1207;MULTIFEUILLE BLONDE
1208;RADIS RAVE
1209;POIVRON
1210;POIVRON BIO
1211;LAITUE
1212;CHOU-FLEUR
1213;CHOU-RAVE
1214;MELON
1215;PORTE GREFFE
1216;PORTE GREFFE BIO
1217;BATAVIA BLONDE
1218;BASILIC
1219;BASILIC BIO
1220;TOMATE
1221;LAITUE
1222;TOMATE
1223;CHOU-LISSE
1224;CHOU-LISSE BIO
1225;CONCOMBRE
1226;CHOU-FLEUR
1227;CHOU-FLEUR BIO
1228;CHENE BLONDE
1229;BATAVIA BLONDE
1230;BATAVIA BLONDE BIO
1231;PERSIL FRISE BIO
1232;FRISEE
1233;FRISEE BIO
1234;FRISEE BIO
1235;FRISEE
1236;FRISEE
1237;PERSIL FRISE
1238;PERSIL FRISE BIO
1239;CHOU-BRUXELLES
1240;TOMATE CONSERVE
1241;HARICOT
1242;PIMENT
1243;MELON
1244;OIGNON
1245;CHOU-ROUGE
1246;CHOU-ROUGE BIO
1247;LAITUE
1248;MELON
1249;POIREAU
1250;POIREAU BIO
1251;MACHE
1252;MACHE BIO
1253;TOMATE
1254;TOMATE BIO
1255;TOMATE
1256;MELON BIO
1257;MELON
1258;COURGETTE
1259;COURGETTE BIO
1260;POIVRON
1261;AUBERGINE
1262;CHOU-FLEUR
1263;CHOU-FLEUR BIO
1264;CHENE ROUGE
1265;CHENE ROUGE BIO
1266;LAITUE
1267;MELON
1268;CONCOMBRE
1269;CONCOMBRE BIO
1270;TOMATE
1271;TOMATE
1272;TOMATE BIO
1273;COURGE
1274;AUBERGINE
1275;SUCRINE
1276;SUCRINE BIO
1277;LAITUE
1278;PERSIL PLAT
1279;PERSIL PLAT BIO
1280;MELON
1281;MELON BIO
1282;LAITUE
1283;FENOUIL
1284;FENOUIL BIO
1285;BASILIC
1286;BASILIC
1287;BASILIC
1288;COURGETTE
1289;COURGETTE BIO
1290;LOLLO ROUGE
1291;BATAVIA BLONDE
1292;BATAVIA BLONDE BIO
1293;TOMATE
1294;MULTIFEUILLE BLONDE
1295;MULTIFEUILLE BLONDE BIO
1296;LAITUE ROUGE
1297;LAITUE ROUGE BIO
1298;TOMATE
1299;AUBERGINE
1300;AUBERGINE BIO
1301;TOMATE
1302;TOMATE BIO
1303;CHOU-ROMANESCO
1304;CHOU-ROMANESCO BIO
1305;CHOU-BROCOLI
1306;LAITUE
1307;OIGNON
1308;BLETTE BIO
1309;CHOU-RAVE
1310;BATAVIA ROUGE
1311;COURGETTE
1312;COURGETTE BIO
1313;COURGETTE NON TRAITEE
1314;TOMATE
1315;TOMATE BIO
1316;CHENE BLONDE
1317;CHENE BLONDE BIO
1318;OIGNON
1319;MELON
1320;MELON BIO
1321;BATAVIA BLONDE
1322;BATAVIA BLONDE
1323;BATAVIA BLONDE BIO
1324;BETTERAVE BIO
1325;BETTERAVE
1326;HARICOT BIO
1327;COURGETTE
1328;CELERI BRANCHE
1329;POIVRON
1330;COURGETTE BIO
1331;TOMATE
1332;BATAVIA BLONDE
1333;BATAVIA BLONDE
1334;TOMATE
1335;TOMATE
1336;CHOU-BROCOLI
1337;POIVRON
1338;POIVRON BIO
1339;BATAVIA BLONDE
1340;BATAVIA BLONDE
1341;CELERI BRANCHE
1342;BATAVIA BLONDE
1343;PIMENT
1344;PIMENT BIO
1345;MELON
1346;MELON
1347;BATAVIA BLONDE
1348;TOMATE
1349;TOMATE BIO
1350;TOMATE
1351;TOMATE BIO
1352;POIVRON
1353;CHOU
1354;POIVRON
1355;CHOU-FLEUR VIOLET
1356;CHOU-FLEUR VIOLET BIO
1357;TOMATE
1358;TOMATE BIO
1359;BASILIC
1360;BASILIC BIO
1361;BASILIC BIO
1362;BATAVIA BLONDE
1363;TOMATE
1364;COURGETTE
1365;COURGETTE BIO
1366;COURGETTE
1367;BASILIC BIO
1368;ORIGAN BIO
1369;ORIGAN
1370;CHOU-BROCOLI
1371;CHOU-BROCOLI BIO
1372;CHOU-BROCOLI
1373;HARICOT
1374;HARICOT BIO
1375;ARTICHAUT
1376;ARTICHAUT BIO
1377;CHOU-CABUS
1378;COURGETTE
1379;TOMATE
1380;TOMATE BIO
1381;CONCOMBRE
1382;COURGETTE
1383;BATAVIA BLONDE
1384;TOMATE BIO
1385;HARICOT
1386;COURGETTE
1387;MACHE
1388;TOMATE
1389;PERSIL FRISE
1390;PERSIL FRISE BIO
1391;CHOU-LISSE
1392;BATAVIA BLONDE
1393;CHOU-FLEUR
1394;AROMATIQUE
1395;CHOU-CABUS
1396;MELON
1397;MELON BIO
1398;TOMATE
1399;TOMATE BIO
1400;CHENE ROUGE
1401;CHENE ROUGE BIO
1402;BATAVIA BLONDE
1403;CONCOMBRE
1404;CONCOMBRE BIO
1405;POIVRON
1406;TOMATE CONSERVE
1407;TOMATE CONSERVE BIO
1408;TOMATE CONSERVE
1409;TOMATE CONSERVE BIO
1410;TOMATE CONSERVE
1411;TOMATE CONSERVE
1412;TOMATE CONSERVE BIO
1413;TOMATE CONSERVE
1414;TOMATE CONSERVE
1415;TOMATE CONSERVE BIO
1416;TOMATE CONSERVE BIO
1417;TOMATE CONSERVE BIO
1418;TOMATE CONSERVE
1419;TOMATE CONSERVE BIO
1420;TOMATE CONSERVE
1421;TOMATE CONSERVE BIO
1422;TOMATE CONSERVE
1423;TOMATE CONSERVE
1424;TOMATE CONSERVE BIO
1425;TOMATE CONSERVE
1426;TOMATE CONSERVE BIO
1427;TOMATE CONSERVE
1428;TOMATE CONSERVE
1429;TOMATE CONSERVE BIO
1430;TOMATE CONSERVE BIO
1431;TOMATE CONSERVE BIO
1432;TOMATE CONSERVE
1433;TOMATE CONSERVE
1434;TOMATE CONSERVE BIO
1435;TOMATE CONSERVE
1436;TOMATE CONSERVE BIO
1437;TOMATE CONSERVE
1438;TOMATE CONSERVE
1439;TOMATE CONSERVE
1440;TOMATE CONSERVE
1441;TOMATE CONSERVE BIO
1442;TOMATE CONSERVE
1443;TOMATE CONSERVE
1444;TOMATE CONSERVE
1445;PIMENT
1446;MULTIFEUILLE ROUGE
1447;CHOU-KALE BIO
1448;MELON BIO
1449;COURGE
1450;BATAVIA BLONDE
1451;HARICOT
1452;HARICOT BIO
1453;HARICOT BIO
1454;HARICOT
1455;CORNICHON
1456;TOMATE
1457;TOMATE BIO
1458;MELON
1459;MELON BIO
1460;CONCOMBRE BIO
1461;BUTTERNUT
1462;BUTTERNUT BIO
1463;MULTIFEUILLE BLONDE
1464;MULTIFEUILLE BLONDE BIO
1465;TOMATE
1466;TOMATE BIO
1467;TOMATE
1468;BASILIC
1469;ANETH
1470;CHOU-FLEUR VIOLET
1471;PASTEQUE
1472;ORIGAN
1473;ORIGAN BIO
1474;BATAVIA BLONDE
1475;BATAVIA BLONDE BIO
1476;MELON
1477;TOMATE
1478;CORNICHON BIO
1479;TOMATE
1480;TOMATE
1481;TOMATE BIO
1482;MELON
1483;MELON
1484;CHENE ROUGE
1485;CHENE ROUGE BIO
1486;OIGNON
1487;TOMATE
1488;COURGETTE BIO
1489;ROMAINE
1490;ICEBERG
1491;ICEBERG BIO
1492;ICEBERG
1493;ICEBERG
1494;ICEBERG
1495;MELON
1496;BATAVIA BLONDE
1497;CHOU-BRUXELLES
1498;BATAVIA BLONDE
1499;PIMENT
1500;PIMENT BIO
1501;CHOU-LISSE BIO
1502;CHOU-LISSE
1503;CHOU-BROCOLI
1504;CHOU-BROCOLI BIO
1505;CELERI BRANCHE BIO
1506;CELERI BRANCHE
1507;ARTICHAUT
1508;BATAVIA BLONDE BIO
1509;COURGE
1510;CHICOREE
1511;TOMATE BIO
1512;TOMATE BIO
1513;TOMATE
1514;TOMATE
1515;FENOUIL
1516;FENOUIL BIO
1517;CHENE ROUGE
1518;PASTEQUE
1519;POIVRON
1520;ECHALOTE
1521;CONCOMBRE
1522;CONCOMBRE BIO
1523;CHOU-ROUGE
1524;CHOU-ROUGE BIO
1525;MELON
1526;MELON BIO
1527;COURGE
1528;CHOU-BROCOLI
1529;OIGNON
1530;MELON
1531;CELERI BRANCHE
1532;TOMATE
1533;TOMATE BIO
1534;AUBERGINE
1535;CONCOMBRE
1536;COURGE
1537;COURGE
1538;CHOU-FLEUR ORANGE
1539;CHOU-FLEUR ORANGE BIO
1540;BATAVIA BLONDE
1541;BATAVIA BLONDE BIO
1542;ROMAINE
1543;ROMAINE BIO
1544;COURGE
1545;CHOU-FRISE
1546;NAVET
1547;OIGNON BIO
1548;EPINARD
1549;AUBERGINE
1550;MACHE
1551;MACHE BIO
1552;ROMAINE BIO
1553;MELON
1554;MELON BIO
1555;CHOU-FLEUR
1556;CHOU-FLEUR
1557;CHOU-FLEUR BIO
1558;LAITUE ROUGE
1559;LAITUE ROUGE BIO
1560;BLETTE BIO
1561;AUBERGINE
1562;JEUNE POUSSE
1563;JEUNE POUSSE
1564;AUBERGINE
1565;CHENE BLONDE
1566;CHENE BLONDE BIO
1567;SCAROLE
1568;CHOU-CHINOIS
1569;CHOU-CHINOIS BIO
1570;MELON
1571;MELON BIO
1572;LOLLO BLONDE
1573;FRISEE
1574;COURGETTE
1575;TOMATE
1576;CHOU-FLEUR
1577;MELON
1578;POIS
1579;POIS BIO
1580;CHENE BLONDE
1581;COURGETTE
1582;COURGETTE BIO
1583;CHOU-CHINOIS BIO
1584;TOMATE
1585;TOMATE BIO
1586;LAITUE ROUGE
1587;CHOU-POINTU
1588;COURGETTE
1589;SCAROLE
1590;SCAROLE BIO
1591;TOMATE
1592;TOMATE BIO
1593;CHOU-CABUS
1594;CHOU-CABUS
1595;TOMATE
1596;TOMATE BIO
1597;OIGNON
1598;CHOU-FRISE
1599;CHOU-FLEUR
1600;TOMATE
1601;CHENE ROUGE
1602;POTIMARRON
1603;MELON
1604;MELON BIO
1605;TOMATE
1606;TOMATE BIO
1607;AUBERGINE
1608;AUBERGINE BIO
1609;POIS
1610;MELON
1611;CHOU-FLEUR
1612;CHENE BLONDE
1613;PASTEQUE
1614;FRISEE
1615;LAITUE
1616;LAITUE BIO
1617;CONCOMBRE
1618;CONCOMBRE BIO
1619;FRISEE
1620;AUBERGINE
1621;CHOU-FLEUR
1622;POIREAU
1623;COURGETTE
1624;COURGETTE BIO
1625;BATAVIA BLONDE
1626;ARTICHAUT
1627;TOMATE CONSERVE
1628;CHOU-CABUS
1629;POTIMARRON
1630;AUBERGINE
1631;ROUGETTE
1632;CHENE BLONDE
1633;CHENE BLONDE
1634;CHENE BLONDE
1635;CHENE BLONDE BIO
1636;CHENE BLONDE
1637;CHENE BLONDE
1638;CHENE BLONDE BIO
1639;TOMATE CONSERVE
1640;CHOU-CABUS
1641;CHOU-CHOUCROUTE
1642;CHOU-FLEUR
1643;LAITUE
1644;CHENE BLONDE
1645;CHENE BLONDE
1646;CHENE BLONDE BIO
1647;CHENE BLONDE
1648;FRISEE
1649;CHENE BLONDE
1650;OIGNON
1651;OIGNON BIO
1652;CHENE BLONDE
1653;CHENE BLONDE
1654;CHENE BLONDE BIO
1655;CHENE BLONDE
1656;CHENE BLONDE
1657;CHENE BLONDE BIO
1658;CHOU-CHINOIS
1659;CHENE BLONDE
1660;CHENE BLONDE BIO
1661;CHENE BLONDE
1662;CHENE BLONDE
1663;CHENE BLONDE BIO
1664;CHOU-ROUGE
1665;MELON BIO
1666;CONCOMBRE
1667;MELON
1668;EPINARD
1669;EPINARD
1670;CHOU-RAVE
1671;CHOU-RAVE BIO
1672;CONCOMBRE
1673;CONCOMBRE BIO
1674;TOMATE
1675;CHOU-RAVE
1676;CHOU-RAVE
1677;CHOU-RAVE BIO
1678;BETTERAVE
1679;CHOU-RAVE BIO
1680;CHOU-FLEUR
1681;MELON
1682;POIVRON
1683;POIVRON BIO
1684;BATAVIA ROUGE
1685;PORTE GREFFE
1686;POIREAU
1687;POIREAU BIO
1688;LAITUE
1689;LAITUE BIO
1690;PASTEQUE
1691;CHENE BLONDE
1692;BATAVIA BLONDE
1693;BATAVIA BLONDE
1694;BATAVIA BLONDE BIO
1695;PERSIL PLAT
1696;PERSIL PLAT BIO
1697;LAITUE
1698;LAITUE BIO
1699;LAITUE BIO
1700;LAITUE
1701;LAITUE
1702;LAITUE ROUGE
1703;LAITUE ROUGE BIO
1704;LAITUE ROUGE BIO
1705;LAITUE ROUGE
1706;CHENE ROUGE
1707;CHENE ROUGE BIO
1708;POIVRON
1709;POIVRON BIO
1710;TOMATE
1711;TOMATE
1712;LOLLO BLONDE
1713;CHOU-FLEUR
1714;CHOU-FLEUR
1715;PIMENT
1716;LAITUE BIO
1717;BLETTE
1718;CHOU-BROCOLI
1719;CHOU-BROCOLI BIO
1720;AUBERGINE
1721;LOLLO BLONDE
1722;PERSIL PLAT
1723;CHOU-FLEUR
1724;LAVANDE
1725;LAVANDE
1726;CHOU-ROMANESCO
1727;CHOU-ROMANESCO BIO
1728;CHOU-ROUGE
1729;TOMATE
1730;OIGNON
1731;CONCOMBRE
1732;AUBERGINE
1733;AUBERGINE
1734;AUBERGINE BIO
1735;TOMATE
1736;TOMATE BIO
1737;BASILIC BIO
1738;SCAROLE
1739;CHENE BLONDE
1740;CHOU-LISSE
1741;CHOU-FLEUR
1742;FENOUIL BIO
1743;CHICOREE
1744;FENOUIL
1745;SCAROLE
1746;ROQUETTE BIO
1747;PASTEQUE
1748;OIGNON BIO
1749;BUTTERNUT
1750;BATAVIA BLONDE
1751;BATAVIA BLONDE BIO
1752;TOMATE
1753;TOMATE
1754;BASILIC
1755;BASILIC BIO
1756;POIVRON
1757;POIVRON BIO
1758;LOLLO BLONDE
1759;LOLLO BLONDE BIO
1760;HARICOT BIO
1761;COURGETTE
1762;COURGETTE BIO
1763;COURGETTE
1764;COURGETTE BIO
1765;CELERI BRANCHE
1766;CHOU-CABUS
1767;PERSIL PLAT
1768;POIVRON
1769;POIVRON BIO
1770;TOMATE
1771;LOLLO BLONDE
1772;PERSIL FRISE BIO
1773;TOMATE CONSERVE
1774;AUBERGINE
1775;AUBERGINE BIO
1776;LIVECHE
1777;LIVECHE
1778;FRISEE
1779;CHOU-FLEUR
1780;CHOU-ROUGE
1781;COURGETTE
1782;COURGETTE BIO
1783;BASILIC
1784;COURGETTE
1785;COURGETTE BIO
1786;LOLLO (archivé)
1787;LOLLO BLONDE
1788;LOLLO BLONDE BIO
1789;LOLLO BLONDE BIO
1790;LOLLO BLONDE
1791;LOLLO BLONDE
1792;LOLLO (archivé)
1793;LOLLO ROUGE
1794;LOLLO ROUGE BIO
1795;LOLLO ROUGE BIO
1796;LOLLO ROUGE
1797;LOLLO ROUGE
1798;COURGE
1799;COURGE BIO
1800;COURGETTE
1801;TOMATE
1802;TOMATE
1803;BATAVIA BLONDE
1804;AUBERGINE
1805;CONCOMBRE
1806;CHENE BLONDE
1807;TOMATE
1808;CHOU-FLEUR
1809;BASILIC
1810;AUBERGINE
1811;COURGE
1812;TOMATE
1813;BATAVIA BLONDE
1814;COURGE
1815;CHOU-BRUXELLES
1816;MULTIFEUILLE ROUGE
1817;SCAROLE
1818;COURGETTE
1819;COURGETTE BIO
1820;CHOU-FLEUR
1821;TOMATE
1822;AUBERGINE
1823;LAITUE
1824;MELON
1825;CHENE ROUGE
1826;CHENE ROUGE BIO
1827;CHENE BLONDE
1828;TOMATE
1829;TOMATE BIO
1830;MACHE
1831;MACHE BIO
1832;MACHE BIO
1833;MACHE
1834;POTIMARRON
1835;CHENE ROUGE
1836;CHOU-FRISE
1837;AUBERGINE
1838;POIVRON
1839;TOMATE
1840;TOMATE BIO
1841;POIS
1842;POIS BIO
1843;CAROTTE BIO
1844;FRISEE
1845;BATAVIA ROUGE
1846;BATAVIA ROUGE BIO
1847;PERSIL PLAT
1848;PERSIL PLAT BIO
1849;BATAVIA ROUGE
1850;BATAVIA ROUGE BIO
1851;MAIS
1852;MAIS BIO
1853;MAIS BIO
1854;MAIS
1855;COURGETTE
1856;COURGETTE BIO
1857;HARICOT
1858;HARICOT BIO
1859;MELON BIO
1860;MELON
1861;POIVRON
1862;AUBERGINE
1863;MELON
1864;ROMAINE
1865;CELERI BRANCHE BIO
1866;CELERI BRANCHE
1867;MELON
1868;CHENE BLONDE
1869;MULTIFEUILLE ROUGE
1870;CHOU-CHINOIS
1871;COURGE
1872;COURGE BIO
1873;COURGETTE
1874;BETTERAVE
1875;CHOU-BROCOLI
1876;CHOU-BROCOLI BIO
1877;LAITUE
1878;TOMATE
1879;TOMATE BIO
1880;TOMATE
1881;TOMATE BIO
1882;CHOU-BROCOLI
1883;CELERI BRANCHE
1884;TOMATE
1885;TOMATE BIO
1886;TOMATE
1887;BASILIC
1888;BASILIC BIO
1889;LOLLO ROUGE
1890;CORNICHON
1891;BATAVIA BLONDE
1892;BATAVIA ROUGE
1893;BATAVIA ROUGE BIO
1894;MARJOLAINE
1895;MARJOLAINE
1896;FRISEE
1897;FRISEE BIO
1898;CELERI RAVE
1899;BATAVIA BLONDE
1900;TOMATE
1901;TOMATE BIO
1902;TOMATE
1903;TOMATE BIO
1904;COURGE
1905;TOMATE
1906;TOMATE
1907;CHOU-FLEUR
1908;TOMATE
1909;TOMATE BIO
1910;TOMATE
1911;TOMATE BIO
1912;TOMATE
1913;TOMATE BIO
1914;CHOU-CHINOIS
1915;BASILIC
1916;BASILIC BIO
1917;TOMATE
1918;TOMATE BIO
1919;TOMATE
1920;TOMATE BIO
1921;CHOU-BRUXELLES
1922;CHOU-BRUXELLES BIO
1923;CHOU-BRUXELLES
1924;TOMATE
1925;TOMATE BIO
1926;MELON
1927;MELON BIO
1928;BATAVIA BLONDE
1929;BASILIC
1930;ECHALOTE
1931;MACHE BIO
1932;MELON
1933;HARICOT
1934;BUTTERNUT
1935;CHOU-BROCOLI
1936;POIVRON
1937;FLEUR
1938;CHOU-FRISE
1939;CHOU-BROCOLI
1940;COURGETTE
1941;COURGETTE BIO
1942;PORTE GREFFE
1943;PORTE GREFFE BIO
1944;POIREAU
1945;POIREAU BIO
1946;CHOU-FLEUR
1947;CHOU-FLEUR BIO
1948;EPINARD
1949;EPINARD BIO
1950;TOMATE
1951;CHOU-CHINOIS
1952;CHOU-CHINOIS BIO
1953;FRISEE
1954;FRISEE BIO
1955;MELON
1956;HARICOT
1957;CHOU-FRISE
1958;CHOU-FRISE BIO
1959;MELON
1960;FRISEE
1961;MELON
1962;MELON BIO
1963;MELON BIO
1964;MELON
1965;MELON
1966;EAZYLEAF (archivé)
1967;CHOU-FLEUR
1968;SCAROLE
1969;CHOU-FLEUR
1970;MENTHE
1971;MENTHE BIO
1972;MENTHE BIO
1973;MENTHE
1974;MENTHE BIO
1975;BATAVIA BLONDE
1976;HARICOT
1977;TOMATE
1978;VESCE BIO
1979;MESCLUM BIO
1980;MESCLUM BIO
1981;MESCLUN
1982;MESCLUN
1983;TOMATE BIO
1984;TOMATE
1985;TOMATE CONSERVE
1986;BATAVIA BLONDE BIO
1987;MELON
1988;OKRA
1989;BASILIC
1990;BASILIC BIO
1991;LAITUE ROUGE
1992;HARICOT
1993;POIVRON
1994;TOMATE BIO
1995;BUTTERNUT
1996;COURGE BIO
1997;BUTTERNUT BIO
1998;BATAVIA BLONDE
1999;BATAVIA BLONDE BIO
2000;COURGETTE
2001;FRISEE
2002;CHOU-FRISE
2003;CHOU-FLEUR
2004;CHOU-FRISE
2005;FRISEE
2006;FRISEE BIO
2007;COURGETTE
2008;COURGETTE BIO
2009;TOMATE
2010;TOMATE BIO
2011;FRISEE
2012;BATAVIA ROUGE
2013;BATAVIA ROUGE BIO
2014;CHOU-BROCOLI
2015;POIVRON
2016;TOMATE
2017;TOMATE BIO
2018;PASTEQUE
2019;PASTEQUE BIO
2020;PASTEQUE
2021;MINI-ROMAINE (archivé)
2022;MINI-ROMAINE (archivé)
2023;TOMATE
2024;AUBERGINE
2025;DIVERS BIO
2026;HARICOT BIO
2027;CHENE BLONDE
2028;CHENE BLONDE BIO
2029;CHOU-BROCOLI
2030;TOMATE
2031;AUBERGINE
2032;CELERI RAVE BIO
2033;CELERI RAVE
2034;AROMATIQUE
2035;OIGNON
2036;CHOU-BROCOLI
2037;CHENE ROUGE
2038;CHENE ROUGE BIO
2039;BETTERAVE
2040;CHOU-BROCOLI
2041;SARRIETTE
2042;SARRIETTE
2043;SARRIETTE
2044;SARRIETTE BIO
2045;HARICOT
2046;TOMATE
2047;HARICOT
2048;HARICOT BIO
2049;TOMATE
2050;TOMATE
2051;TOMATE
2052;TOMATE BIO
2053;MELON
2054;CHOU-FLEUR
2055;OIGNON BIO
2056;TOMATE
2057;TOMATE BIO
2058;PASTEQUE
2059;PASTEQUE BIO
2060;PASTEQUE
2061;LAITUE
2062;ROMAINE
2063;PERSIL FRISE BIO
2064;MOTTE NUE
2065;MOTTE NUE BIO
2066;CHOU-LISSE
2067;MELON
2068;MULTIFEUILLE BLONDE
2069;MULTIFEUILLE BLONDE
2070;MULTIFEUILLE BLONDE
2071;MULTIFEUILLE BLONDE BIO
2072;MULTIFEUILLE BLONDE BIO
2073;MULTIFEUILLE BLONDE
2074;MULTIFEUILLE
2075;MULTIFEUILLE
2076;MULTIFEUILLE BLONDE
2077;MULTIFEUILLE BLONDE
2078;MULTIFEUILLE BLONDE
2079;MULTIFEUILLE ROUGE
2080;MULTIFEUILLE ROUGE
2081;MULTIFEUILLE ROUGE
2082;MULTIFEUILLE ROUGE BIO
2083;MULTIFEUILLE ROUGE BIO
2084;MULTIFEUILLE ROUGE
2085;CHOU-CABUS
2086;COURGE BIO
2087;COURGE BIO
2088;COURGE
2089;LAITUE
2090;LAITUE BIO
2091;LAITUE
2092;TOMATE
2093;TOMATE BIO
2094;FRISEE
2095;FRISEE BIO
2096;CHOU-CABUS
2097;TOMATE CONSERVE BIO
2098;TOMATE CONSERVE
2099;TOMATE CONSERVE
2100;TOMATE CONSERVE BIO
2101;CELERI
2102;CELERI BRANCHE
2103;CHOU-FLEUR
2104;CHOU-FLEUR BIO
2105;EPINARD
2106;CHOU-CHINOIS
2107;BATAVIA BLONDE
2108;BATAVIA BLONDE BIO
2109;TOMATE
2110;CHOU-BRUXELLES
2111;CHOU-BRUXELLES BIO
2112;CHOU-FLEUR
2113;CHOU-FLEUR BIO
2114;CHOU-FLEUR
2115;CHOU-FLEUR BIO
2116;NAVET
2117;NAVET BIO
2118;NAVET BIO
2119;NAVET
2120;CHOU-ROMANESCO
2121;COURGETTE
2122;CHOU-BROCOLI
2123;CHOU-FRISE
2124;HARICOT BIO
2125;CHENE ROUGE
2126;CHENE ROUGE BIO
2127;COURGE
2128;PASTEQUE
2129;TOMATE CONSERVE
2130;MELON
2131;AUBERGINE
2132;AUBERGINE BIO
2133;CHOU-KALE
2134;EPINARD BIO
2135;CHOU-FLEUR
2136;MELON
2137;MELON BIO
2138;LAITUE
2139;TOMATE
2140;PASTEQUE
2141;PASTEQUE BIO
2142;COURGETTE
2143;BASILIC
2144;BASILIC BIO
2145;TOMATE
2146;TOMATE BIO
2147;TOMATE
2148;BETTERAVE
2149;TOMATE
2150;BATAVIA BLONDE
2151;BATAVIA BLONDE BIO
2152;CHOU-FLEUR
2153;CHOU-FLEUR BIO
2154;COURGETTE
2155;COURGETTE BIO
2156;PERSIL PLAT
2157;SCAROLE BIO
2158;CHENE ROUGE
2159;TOMATE
2160;TOMATE CONSERVE BIO
2161;TOMATE CONSERVE BIO
2162;TOMATE
2163;BATAVIA BLONDE
2164;COURGE
2165;BATAVIA BLONDE
2166;CHENE BLONDE
2167;CHOU-FLEUR
2168;CHOU-FLEUR BIO
2169;CHOU-FLEUR
2170;BATAVIA BLONDE
2171;PASTEQUE
2172;TOMATE
2173;MELON
2174;MELON BIO
2175;CELERI BRANCHE BIO
2176;CELERI BRANCHE
2177;MACHE
2178;POTIRON
2179;SAUGE
2180;OIGNON
2181;OIGNON BIO
2182;OIGNON BIO
2183;OIGNON
2184;OKRA
2185;OKRA
2186;CONCOMBRE
2187;CONCOMBRE BIO
2188;COURGETTE
2189;BATAVIA BLONDE
2190;BATAVIA BLONDE BIO
2191;CHENE BLONDE
2192;ROMAINE
2193;BATAVIA BLONDE
2194;BATAVIA BLONDE BIO
2195;OIGNON
2196;ARTICHAUT BIO
2197;CHOU-ROUGE
2198;CHOU-ROUGE BIO
2199;CHENE BLONDE
2200;CHOU-FRISE
2201;TOMATE
2202;ARTICHAUT
2203;ARTICHAUT BIO
2204;AUBERGINE
2205;CHENE ROUGE BIO
2206;ARTICHAUT
2207;ARTICHAUT BIO
2208;FRISEE
2209;FRISEE BIO
2210;CHENE BLONDE
2211;CHOU-FLEUR
2212;CHOU-FLEUR BIO
2213;TOMATE
2214;TOMATE BIO
2215;BATAVIA BLONDE
2216;TOMATE BIO
2217;TOMATE
2218;TOMATE
2219;TOMATE BIO
2220;POTIMARRON
2221;POTIMARRON BIO
2222;POIVRON
2223;FENOUIL
2224;POIVRON
2225;FENOUIL BIO
2226;LAITUE BIO
2227;COURGETTE
2228;POIVRON
2229;POIVRON BIO
2230;PERSIL (ARCHIVÉ 12-04-21)
2231;PERSIL FRISE
2232;TOMATE
2233;TOMATE BIO
2234;CHOU-LISSE
2235;ORIGAN
2236;ORIGAN BIO
2237;ORIGAN BIO
2238;ORIGAN
2239;TOMATE
2240;PASTEQUE
2241;PASTEQUE BIO
2242;FENOUIL
2243;FENOUIL BIO
2244;BUTTERNUT
2245;COURGE BIO
2246;PASTEQUE
2247;COURGETTE
2248;OSEILLE
2249;OSEILLE BIO
2250;OSEILLE BIO
2251;OSEILLE
2252;POIREAU
2253;BASILIC BIO
2254;TOMATE
2255;TOMATE BIO
2256;LAITUE
2257;LAITUE ROUGE
2258;CHOU-FLEUR
2259;LAITUE
2260;BATAVIA BLONDE
2261;BATAVIA BLONDE BIO
2262;CHENE BLONDE
2263;CHOU-FLEUR
2264;CHOU-FLEUR BIO
2265;BATAVIA BLONDE
2266;BATAVIA BLONDE BIO
2267;CHENE BLONDE
2268;CHENE BLONDE BIO
2269;PAIN DE SUCRE
2270;PAIN DE SUCRE BIO
2271;PAIN DE SUCRE BIO
2272;PAIN DE SUCRE
2273;BETTERAVE
2274;POIVRON
2275;CONCOMBRE
2276;CONCOMBRE BIO
2277;CHICOREE
2278;POIVRON
2279;POIVRON BIO
2280;BATAVIA BLONDE
2281;PANAIS
2282;PANAIS BIO
2283;PANAIS BIO
2284;PANAIS
2285;BATAVIA BLONDE
2286;CHENE BLONDE
2287;LAITUE
2288;LAITUE BIO
2289;OIGNON
2290;LAITUE
2291;TOMATE
2292;TOMATE BIO
2293;TOMATE
2294;CELERI BRANCHE
2295;BATAVIA BLONDE
2296;BATAVIA BLONDE BIO
2297;BATAVIA BLONDE
2298;DIVERS
2299;CIBOULE
2300;CIBOULE BIO
2301;MACHE
2302;COURGETTE
2303;COURGETTE BIO
2304;EPINARD
2305;POIVRON
2306;POIVRON BIO
2307;CHOU-FRISE BIO
2308;BATAVIA BLONDE BIO
2309;CORNICHON
2310;CHOU-FLEUR VIOLET
2311;SCAROLE
2312;SCAROLE
2313;TOMATE
2314;TOMATE BIO
2315;BLETTE
2316;CHOU-BROCOLI
2317;CHOU-BROCOLI BIO
2318;POIVRON
2319;MELON
2320;MELON BIO
2321;PASTEQUE
2322;CONCOMBRE
2323;CONCOMBRE BIO
2324;LAITUE
2325;CHOU-LISSE
2326;PASTEQUE
2327;PASTEQUE BIO
2328;PASTEQUE BIO
2329;PASTEQUE
2330;COURGE
2331;CHENE BLONDE
2332;CHENE BLONDE BIO
2333;PASTEQUE
2334;PATATE DOUCE
2335;PATATE DOUCE BIO
2336;PATATE DOUCE BIO
2337;PATATE DOUCE
2338;LAITUE
2339;PATISSON
2340;PATISSON BIO
2341;PATISSON BIO
2342;PATISSON
2343;PATISSON BIO
2344;PATISSON
2345;PATISSON BIO
2346;COURGETTE
2347;TOMATE
2348;LAITUE
2349;FENOUIL
2350;MELON
2351;MELON BIO
2352;TOMATE
2353;PASTEQUE
2354;TOMATE
2355;CHOU-CABUS
2356;SCAROLE
2357;LAITUE
2358;TOMATE
2359;PAIN DE SUCRE
2360;DIVERS BIO
2361;PERSIL (ARCHIVÉ 12-04-21)
2362;PERSIL BIO (ARCHIVÉ 12-04-21)
2363;PERSIL BIO (ARCHIVÉ 12-04-21)
2364;PERSIL FRISE
2365;PERSIL FRISE BIO
2366;PERSIL FRISE BIO
2367;PERSIL FRISE
2368;PERSIL (ARCHIVÉ 12-04-21)
2369;PERSIL PLAT
2370;PERSIL PLAT BIO
2371;PERSIL PLAT BIO
2372;PERSIL PLAT
2373;POIVRON
2374;POIVRON BIO
2375;TOMATE
2376;CHOU-BROCOLI
2377;PHYSALIS
2378;PHYSALIS
2379;MELON
2380;ROMAINE
2381;TOMATE
2382;AUBERGINE
2383;CONCOMBRE
2384;CONCOMBRE BIO
2385;BASILIC
2386;TOMATE CONSERVE
2387;PIMENT
2388;PIMENT BIO
2389;PIMENT BIO
2390;PIMENT
2391;TOMATE
2392;TOMATE BIO
2393;CHOU-ROUGE
2394;TOMATE
2395;TOMATE
2396;COURGE BIO
2397;POIVRON
2398;AUBERGINE
2399;CHENE ROUGE
2400;CHENE ROUGE BIO
2401;CHOU-ROMANESCO
2402;CHOU-ROMANESCO BIO
2403;SUCRINE
2404;SUCRINE BIO
2405;BATAVIA BLONDE
2406;BATAVIA BLONDE BIO
2407;PISSENLIT
2408;PISSENLIT
2409;COURGETTE
2410;AROMATIQUE
2411;AROMATIQUE
2412;BATAVIA BLONDE
2413;COURGETTE
2414;CHOU-LISSE
2415;CHOU-FLEUR
2416;POIREAU
2417;COURGE
2418;COURGE BIO
2419;CHOU-POINTU
2420;POIREAU
2421;POIREAU BIO
2422;POIREAU BIO
2423;POIREAU
2424;POIREE ROUGE BIO
2425;POIREE ROUGE BIO
2426;POIREE VERTE BIO
2427;POIREE VERTE BIO
2428;POIS
2429;POIS BIO
2430;POIS BIO
2431;POIS
2432;POIVRON
2433;POIVRON BIO
2434;POIVRON BIO
2435;POIVRON
2436;PATISSON
2437;CHOU-ROMANESCO
2438;HARICOT
2439;HARICOT BIO
2440;CHOU-BROCOLI
2441;THYM
2442;CHENE BLONDE
2443;THYM
2444;BATAVIA BLONDE
2445;PORTE GREFFE
2446;PORTE GREFFE BIO
2447;PORTE GREFFE BIO
2448;PORTE GREFFE
2449;POIREAU
2450;POTIMARRON
2451;POTIMARRON BIO
2452;POTIMARRON BIO
2453;POTIMARRON
2454;POTIRON
2455;POTIRON
2456;POTIRON
2457;POURPIER
2458;BASILIC
2459;POIVRON
2460;CONCOMBRE
2461;CHOU-CABUS
2462;POIVRON
2463;POIVRON BIO
2464;ROMAINE
2465;FENOUIL
2466;FENOUIL BIO
2467;OIGNON
2468;TOMATE
2469;TOMATE BIO
2470;PASTEQUE
2471;DIVERS BIO
2472;PASTEQUE BIO
2473;CHOU-ROUGE
2474;CHOU-BROCOLI BIO
2475;TOMATE
2476;PASTEQUE
2477;PASTEQUE
2478;COURGE BIO
2479;COURGE
2480;PASTEQUE
2481;CHOU-ROUGE
2482;CHOU-ROUGE BIO
2483;MACHE
2484;CELERI RAVE
2485;CHOU-LISSE
2486;SCAROLE
2487;CELERI RAVE BIO
2488;CELERI RAVE
2489;POIVRON
2490;CHOU-CABUS
2491;BASILIC BIO
2492;BASILIC
2493;TOMATE
2494;TOMATE BIO
2495;PORTE GREFFE
2496;PORTE GREFFE BIO
2497;COURGE
2498;CHOU-FRISE
2499;TOMATE
2500;TOMATE BIO
2501;CHOU-FLEUR
2502;PIMENT
2503;TOMATE
2504;TOMATE BIO
2505;CONCOMBRE
2506;CONCOMBRE BIO
2507;CHENE BLONDE
2508;CONCOMBRE
2509;CHENE BLONDE
2510;CHOU-CHINOIS
2511;CHOU-CHINOIS BIO
2512;CHENE BLONDE
2513;CHOU-RAVE
2514;COURGETTE
2515;CHENE BLONDE
2516;COURGETTE
2517;COURGETTE BIO
2518;BATAVIA BLONDE
2519;CHENE BLONDE
2520;COURGE
2521;BLETTE
2522;BLETTE BIO
2523;EPINARD
2524;EPINARD BIO
2525;PORTE GREFFE
2526;RADIS RAVE
2527;DIVERS BIO
2528;RADIS RAVE
2529;POIVRON
2530;POIVRON BIO
2531;ROUGETTE
2532;ROUGETTE BIO
2533;CHICOREE
2534;TOMATE
2535;POIVRON
2536;ROMAINE
2537;CHOU-CHOUCROUTE
2538;HARICOT
2539;HARICOT BIO
2540;POIVRON BIO
2541;AUBERGINE
2542;AUBERGINE BIO
2543;TOMATE
2544;TOMATE
2545;CHOU-LISSE ROUGE
2546;TOMATE
2547;TOMATE
2548;OIGNON
2549;FRISEE BIO
2550;CHOU-BRUXELLES
2551;OIGNON
2552;OIGNON BIO
2553;CHOU-KALE
2554;CHOU-KALE BIO
2555;OIGNON
2556;BLETTE
2557;BLETTE BIO
2558;POIREE ROUGE BIO
2559;CHOU-ROUGE
2560;TOMATE CONSERVE BIO
2561;CHOU-CABUS
2562;POTIMARRON
2563;OIGNON
2564;OIGNON BIO
2565;CHOU-ROUGE
2566;OIGNON
2567;CHOU-FLEUR
2568;CHOU-FLEUR BIO
2569;TOMATE
2570;TOMATE BIO
2571;OIGNON
2572;OIGNON
2573;TOMATE CONSERVE
2574;CHOU-ROUGE
2575;PASTEQUE
2576;TOMATE
2577;CORNICHON
2578;ROUGETTE BIO
2579;COURGE
2580;ROUGETTE
2581;CHOU-POINTU
2582;BASILIC BIO
2583;PASTEQUE
2584;LAITUE
2585;LAITUE BIO
2586;CHOU-FLEUR
2587;POIVRON
2588;POIVRON BIO
2589;CHENE ROUGE BIO
2590;CHENE ROUGE
2591;COURGETTE
2592;CONCOMBRE
2593;CHOU-ROUGE
2594;CHOU-ROUGE BIO
2595;CHOU-ROUGE
2596;OIGNON
2597;RETOUR PLATEAUX SALADE BIO
2598;RETOUR PLATEAUX SALADE BIO
2599;RETOUR PLATEAUX SALADE
2600;TOMATE
2601;TOMATE BIO
2602;MELON
2603;MELON BIO
2604;MACHE
2605;CELERI RAVE
2606;POIVRON
2607;TOMATE
2608;BETTERAVE
2609;BLETTE
2610;DIVERS BIO
2611;AUBERGINE
2612;MELON
2613;COURGETTE
2614;CHOU-FRISE
2615;CHOU-FRISE BIO
2616;TOMATE
2617;AUBERGINE
2618;AUBERGINE BIO
2619;TOMATE
2620;TOMATE BIO
2621;CHOU-BROCOLI
2622;PERSIL FRISE
2623;PERSIL FRISE BIO
2624;MELON
2625;POIVRON
2626;MELON BIO
2627;PERSIL FRISE
2628;AUBERGINE
2629;BATAVIA BLONDE
2630;BATAVIA BLONDE BIO
2631;CONCOMBRE
2632;OIGNON
2633;CHOU-ROUGE BIO
2634;BATAVIA ROUGE
2635;CONCOMBRE BIO
2636;CHENE ROUGE
2637;ROMAINE
2638;ROMAINE BIO
2639;ROMAINE BIO
2640;ROMAINE
2641;ROMAINE
2642;TOMATE
2643;CHOU-ROUGE
2644;PASTEQUE
2645;ROMARIN
2646;ROMARIN BIO
2647;ROMARIN BIO
2648;ROMARIN
2649;ROMARIN BIO
2650;TOMATE
2651;PASTEQUE
2652;MELON
2653;COURGETTE
2654;COURGETTE BIO
2655;AUBERGINE
2656;AUBERGINE BIO
2657;FENOUIL
2658;FENOUIL BIO
2659;POIS BIO
2660;CHOU-ROUGE
2661;CHOU-ROUGE BIO
2662;LOLLO ROUGE
2663;ROQUETTE
2664;ROQUETTE BIO
2665;ROQUETTE BIO
2666;ROQUETTE
2667;TOMATE
2668;TOMATE
2669;TOMATE BIO
2670;OIGNON BIO
2671;POTIMARRON
2672;OIGNON
2673;OIGNON BIO
2674;CHICOREE
2675;ROUGETTE
2676;ROUGETTE BIO
2677;ROUGETTE BIO
2678;ROUGETTE
2679;ROUGETTE BIO
2680;ROUGETTE
2681;COURGE
2682;COURGE BIO
2683;TOMATE
2684;CHOU-ROUGE
2685;CHOU-ROUGE
2686;TOMATE
2687;PORTE GREFFE
2688;PORTE GREFFE BIO
2689;CHICOREE
2690;TOMATE
2691;CELERI BRANCHE BIO
2692;CELERI BRANCHE
2693;TOMATE
2694;TOMATE
2695;TOMATE BIO
2696;TOMATE
2697;TOMATE
2698;TOMATE CONSERVE
2699;CHOU-BROCOLI
2700;BATAVIA BLONDE
2701;TOMATE CONSERVE
2702;TOMATE CONSERVE BIO
2703;TOMATE
2704;TOMATE BIO
2705;SALADE
2706;SALADE BIO
2707;SALADE BIO
2708;SALADE
2709;LAITUE
2710;EPINARD
2711;EPINARD BIO
2712;BATAVIA BLONDE
2713;BATAVIA BLONDE BIO
2714;COURGETTE
2715;COURGETTE BIO
2716;ARTICHAUT
2717;ARTICHAUT BIO
2718;CHENE BLONDE
2719;POIVRON
2720;POIVRON BIO
2721;PORTE GREFFE
2722;PORTE GREFFE BIO
2723;TOMATE
2724;CHOU-CHINOIS
2725;SCAROLE
2726;TOMATE
2727;TOMATE BIO
2728;TOMATE BIO
2729;CHOU-BROCOLI
2730;MELON
2731;MELON BIO
2732;CHENE BLONDE
2733;CHENE BLONDE BIO
2734;SARRIETTE BIO
2735;SARRIETTE BIO
2736;SARRIETTE
2737;CHOU-CABUS
2738;BATAVIA BLONDE
2739;SARRASIN BIO
2740;SARRASIN BIO
2741;SARRIETTE
2742;TOMATE
2743;TOMATE BIO
2744;CHOU-FLEUR
2745;COURGETTE
2746;COURGETTE BIO
2747;SAUGE
2748;SAUGE BIO
2749;SAUGE BIO
2750;SAUGE
2751;CHOU-FRISE
2752;CHOU-FRISE
2753;CHOU-CHINOIS
2754;SCAROLE
2755;SCAROLE BIO
2756;SCAROLE BIO
2757;SCAROLE
2758;SCAROLE
2759;CHOU-CHINOIS
2760;CHOU-BROCOLI
2761;SCAROLE
2762;SCAROLE BIO
2763;MELON
2764;MELON BIO
2765;CHOU-CABUS
2766;LOLLO ROUGE
2767;LOLLO ROUGE BIO
2768;MAIS BIO
2769;CHOU-CHOUCROUTE
2770;CHOU-CHOUCROUTE
2771;CHOU-FLEUR
2772;MELON
2773;MELON BIO
2774;AUBERGINE
2775;PASTEQUE
2776;PASTEQUE BIO
2777;TOMATE
2778;CHOU-FRISE
2779;MULTIFEUILLE ROUGE
2780;BATAVIA BLONDE
2781;POIREAU
2782;AUBERGINE
2783;CONCOMBRE
2784;PIMENT
2785;AUBERGINE BIO
2786;PIMENT BIO
2787;AUBERGINE
2788;CHENE ROUGE
2789;CHENE ROUGE BIO
2790;COURGE
2791;DIVERS
2792;DIVERS BIO
2793;BATAVIA BLONDE
2794;BATAVIA BLONDE BIO
2795;CHOU-FLEUR
2796;COURGE
2797;BLETTE
2798;ROUGETTE
2799;BATAVIA BLONDE
2800;FRISEE
2801;OIGNON
2802;LAITUE
2803;LAITUE ROUGE
2804;FRISEE
2805;CHOU-LISSE
2806;TOMATE
2807;TOMATE BIO
2808;CONCOMBRE
2809;MELON
2810;MELON BIO
2811;MULTIFEUILLE BLONDE
2812;OIGNON
2813;CHOU-FLEUR
2814;CHOU-FLEUR
2815;CHOU-FLEUR BIO
2816;AUBERGINE
2817;MULTIFEUILLE BLONDE
2818;POIVRON
2819;PORTE GREFFE
2820;PORTE GREFFE BIO
2821;MELON
2822;PIMENT
2823;FENOUIL
2824;FENOUIL BIO
2825;TOMATE
2826;MELON
2827;PERSIL FRISE
2828;CHOU-BRUXELLES
2829;HARICOT
2830;HARICOT BIO
2831;CHOU-FLEUR
2832;OIGNON
2833;HARICOT
2834;CHOU-POINTU
2835;TOMATE
2836;TOMATE BIO
2837;DIVERS BIO
2838;ROQUETTE
2839;PASTEQUE BIO
2840;CHOU-FLEUR
2841;CHOU-FLEUR
2842;POIVRON
2843;COURGE
2844;COURGE
2845;COURGE BIO
2846;CHOU-BROCOLI
2847;CHOU-FRISE
2848;PERSIL PLAT
2849;PERSIL PLAT BIO
2850;POTIMARRON
2851;ICEBERG
2852;POIVRON
2853;POIVRON BIO
2854;COURGE
2855;CHOU-LISSE
2856;TOMATE
2857;TOMATE
2858;TOMATE BIO
2859;CHOU-BROCOLI
2860;CHOU-BROCOLI BIO
2861;MELON
2862;MELON BIO
2863;HARICOT
2864;HARICOT BIO
2865;DIVERS BIO
2866;CHOU-LISSE
2867;FRISEE
2868;CHOU-LISSE
2869;COURGETTE
2870;COURGETTE BIO
2871;COURGE
2872;COURGE BIO
2873;PORTE GREFFE
2874;PORTE GREFFE BIO
2875;PORTE GREFFE
2876;PORTE GREFFE BIO
2877;PASTEQUE
2878;PASTEQUE BIO
2879;CHOU-ROUGE BIO
2880;CHOU-FLEUR
2881;PIMENT
2882;SUCRINE
2883;SUCRINE BIO
2884;SUCRINE BIO
2885;COURGE BIO
2886;SUCRINE
2887;PASTEQUE
2888;PASTEQUE BIO
2889;AUBERGINE
2890;AUBERGINE BIO
2891;TOMATE
2892;TOMATE BIO
2893;CONCOMBRE
2894;EPINARD
2895;CHOU-FRISE
2896;PATISSON
2897;TOMATE
2898;TOMATE BIO
2899;TOMATE
2900;COURGETTE BIO
2901;COURGETTE
2902;MELON
2903;PASTEQUE
2904;TOMATE
2905;TOMATE BIO
2906;TOMATE
2907;TOMATE BIO
2908;TOMATE
2909;TOMATE BIO
2910;CHOU-FRISE
2911;CHOU-FLEUR VERT
2912;CHOU-FLEUR VERT BIO
2913;FRISEE
2914;BATAVIA BLONDE
2915;TOMATE CONSERVE
2916;CHOU-FLEUR
2917;EPINARD BIO
2918;MELON BIO
2919;MELON
2920;MELON
2921;MELON
2922;MELON
2923;TOMATE
2924;TOMATE
2925;COURGE
2926;POIVRON
2927;COURGETTE
2928;COURGETTE BIO
2929;CHOU-CHINOIS
2930;CHOU-CHINOIS BIO
2931;BATAVIA BLONDE
2932;TOMATE
2933;TOMATE BIO
2934;LAITUE
2935;CHOU-FLEUR
2936;CHOU-FLEUR BIO
2937;CHOU-CABUS
2938;TOMATE
2939;CHENE ROUGE
2940;CHENE ROUGE BIO
2941;CELERI BRANCHE BIO
2942;CELERI BRANCHE
2943;TOMATE
2944;TOMATE BIO
2945;TOMATE
2946;TOMATE BIO
2947;CHOU-FLEUR
2948;FENOUIL
2949;FENOUIL BIO
2950;TOMATE CONSERVE
2951;CHOU-POINTU
2952;FRISEE
2953;FRISEE BIO
2954;BATAVIA ROUGE
2955;BATAVIA ROUGE BIO
2956;CONCOMBRE BIO
2957;LAITUE
2958;COURGETTE
2959;POIVRON
2960;LOLLO BLONDE
2961;LOLLO BLONDE BIO
2962;ROMAINE
2963;TOMATE CONSERVE
2964;POIVRON
2965;COURGETTE
2966;TETRAGONE
2967;TETRAGONE BIO
2968;TETRAGONE BIO
2969;TETRAGONE
2970;BASILIC BIO
2971;BASILIC
2972;BASILIC BIO
2973;BASILIC
2974;CHOU-FLEUR
2975;CHOU-FLEUR BIO
2976;CHOU-BROCOLI
2977;LOLLO ROUGE
2978;LOLLO ROUGE BIO
2979;THYM
2980;THYM
2981;THYM BIO
2982;THYM BIO
2983;THYM BIO
2984;THYM
2985;COURGE
2986;TOMATE BIO
2987;COURGETTE
2988;COURGETTE BIO
2989;TOMATE
2990;TOMATE BIO
2991;MELON
2992;CONCOMBRE
2993;POIVRON
2994;BATAVIA BLONDE
2995;TOMATE
2996;CHOU-BROCOLI
2997;CHOU-BROCOLI BIO
2998;TOMATE
2999;COURGETTE BIO
3000;COURGE
3001;COURGE BIO
3002;TOMATE
3003;TOMATE BIO
3004;COURGETTE
3005;TOMATE CONSERVE BIO
3006;TOMATE
3007;TOMATE
3008;TOMATE BIO
3009;TOMATE BIO
3010;TOMATE CONSERVE
3011;TOMATE CONSERVE BIO
3012;TOMATE CONSERVE BIO
3013;TOMATE CONSERVE
3014;TOMATE
3015;LAITUE
3016;CHOU-FLEUR
3017;MELON
3018;SCAROLE
3019;PIMENT
3020;CHOU-LISSE
3021;CHOU-LISSE
3022;PASTEQUE
3023;MELON
3024;MELON BIO
3025;COURGETTE
3026;CHENE ROUGE
3027;CHENE ROUGE BIO
3028;OIGNON
3029;BATAVIA BLONDE
3030;LAITUE
3031;LAITUE BIO
3032;TRAITEMENT
3033;LOLLO ROUGE
3034;MULTIFEUILLE ROUGE
3035;MULTIFEUILLE ROUGE BIO
3036;LAITUE
3037;LAITUE BIO
3038;CHOU-ROUGE
3039;CHOU-LISSE ROUGE BIO
3040;AUBERGINE
3041;AUBERGINE BIO
3042;SUCRINE
3043;SUCRINE BIO
3044;PASTEQUE
3045;CHOU-FLEUR VERT
3046;COURGE
3047;TOMATE
3048;CHOU-FLEUR
3049;TOMATE
3050;CHOU-FLEUR
3051;CHOU-FLEUR
3052;CHOU-FLEUR BIO
3053;BATAVIA ROUGE
3054;CHOU-FLEUR
3055;MELON
3056;COURGE
3057;TOMATE
3058;MACHE
3059;MACHE BIO
3060;PASTEQUE
3061;CONCOMBRE
3062;TOMATE
3063;BATAVIA BLONDE
3064;TOMATE CONSERVE
3065;POIREAU
3066;TOMATE
3067;TOMATE
3068;POIVRON
3069;POIVRON BIO
3070;CHOU-FLEUR
3071;COURGETTE
3072;COURGETTE BIO
3073;OIGNON
3074;OIGNON BIO
3075;TOMATE
3076;CHOU-LISSE
3077;CHOU-LISSE BIO
3078;CHOU-FLEUR
3079;PORTE GREFFE
3080;PORTE GREFFE BIO
3081;CHOU-FLEUR
3082;POTIMARRON
3083;POTIMARRON BIO
3084;TOMATE CONSERVE
3085;TOMATE
3086;PAIN DE SUCRE
3087;PAIN DE SUCRE BIO
3088;MELON
3089;TOMATE CONSERVE
3090;CHOU-LISSE
3091;BUTTERNUT
3092;COURGE BIO
3093;POIVRON
3094;POIVRON BIO
3095;PASTEQUE
3096;OIGNON
3097;MELON
3098;MELON BIO
3099;PASTEQUE
3100;DIVERS BIO
3101;PASTEQUE BIO
3102;THYM
3103;THYM BIO
3104;FENOUIL
3105;CHOU-FLEUR
3106;POIVRON
3107;POIVRON
3108;SCAROLE
3109;PERSIL FRISE
3110;CARDON
3111;TOMATE
3112;AUBERGINE
3113;CHOU-ROMANESCO
3114;CHOU-ROMANESCO BIO
3115;BLETTE BIO
3116;MELON BIO
3117;VERVEINE
3118;VERVEINE BIO
3119;VERVEINE BIO
3120;VERVEINE
3121;VESCE BIO
3122;VESCE BIO
3123;BATAVIA BLONDE
3124;HARICOT
3125;HARICOT BIO
3126;PAIN DE SUCRE BIO
3127;CHOU-LISSE
3128;LAITUE
3129;COURGETTE
3130;FENOUIL
3131;FENOUIL BIO
3132;CONCOMBRE
3133;POIVRON BIO
3134;CONCOMBRE
3135;LAITUE
3136;HARICOT
3137;LOLLO BLONDE
3138;AUBERGINE BIO
3139;BATAVIA BLONDE
3140;COURGETTE
3141;COURGETTE BIO
3142;HARICOT
3143;HARICOT BIO
3144;CHOU-FLEUR VERT
3145;MACHE BIO
3146;COURGE
3147;COURGE BIO
3148;CHOU-CABUS
3149;CHOU-FLEUR
3150;SUCRINE
3151;BATAVIA BLONDE
3152;POIVRON
3153;POIVRON BIO
3154;MELON BIO
3155;TOMATE
3156;OIGNON
3157;TOMATE CONSERVE
3158;TOMATE CONSERVE
3159;POIVRON
3160;TOMATE
3161;LAITUE
3162;LAITUE BIO
3163;CHOU-FLEUR
3164;OIGNON
3165;CHOU-KALE
3166;CHOU-KALE BIO
3167;CHOU-KALE
3168;CHOU-KALE BIO
3169;CHOU-FRISE
3170;CHOU-FRISE
3171;CHOU-FRISE BIO
3172;EPINARD
3173;EPINARD BIO
3174;ROMAINE BIO
3175;MULTIFEUILLE ROUGE
3176;LOLLO ROUGE
3177;CHOU-CHINOIS
3178;EPINARD
3179;TOMATE BIO
3180;ROMAINE
3181;POIVRON
3182;TOMATE
3183;COURGETTE
3184;COURGETTE BIO
3185;MELON
3186;TOMATE
3187;TOMATE BIO
3188;TOMATE
3189;OIGNON
3190;TOMATE
3191;TOMATE BIO
3192;BATAVIA BLONDE
3193;BATAVIA BLONDE
3194;CHOU-CHINOIS
3195;POIVRON
3196;BATAVIA BLONDE
3197;AUBERGINE
3198;AUBERGINE BIO
3199;COURGETTE
3200;COURGETTE BIO
3201;COURGETTE
3202;COURGETTE BIO
3203;SCAROLE
3204;BATAVIA BLONDE
3205;CHENE BLONDE
3206;BATAVIA BLONDE
3207;BATAVIA BLONDE BIO
3208;BUTTERNUT
3209;HARICOT
3210;HARICOT BIO
3211;COURGE
3212;CHOU-LISSE
3213;LAITUE
3214;CONCOMBRE BIO
3215;COURGETTE
3216;COURGETTE BIO
3217;BATAVIA BLONDE
3218;TOMATE
